PartNumber,Description,Sellable,Length,Weight,Width,Height,productPageUrl,image1_url,image1_name,image2_url,image2_name,image3_url,image3_name,image4_url,image4_name,image5_url,image5_name,image6_url,image6_name,image7_url,image7_name,image8_url,image8_name,image9_url,image9_name
5471859,Fuel Pump,Y,58.5 In,59 Lbs,40 In,58.5 In,https://parts.cummins.com/esn-entry/main/part-details/5471859/parts-search,https://parts.cummins.com/gateway/api/IACDataServices/graphics/parts/547/5471859/5471859_iso.png?x-image-size=medium,5471859_image1.jpg,https://parts.cummins.com/gateway/api/IACDataServices/graphics/parts/547/5471859/5471859_iso2.png?x-image-size=medium,5471859_image2.jpg,https://parts.cummins.com/gateway/api/IACDataServices/graphics/parts/547/5471859/5471859_front.png?x-image-size=medium,5471859_image3.jpg,https://parts.cummins.com/gateway/api/IACDataServices/graphics/parts/547/5471859/5471859_top.png?x-image-size=medium,5471859_image4.jpg,https://parts.cummins.com/gateway/api/IACDataServices/graphics/parts/547/5471859/5471859_right.png?x-image-size=medium,5471859_image5.jpg,,,,,,,,
5471859RX,Fuel Pump,Y,58.5 In,62 Lbs,40 In,58.5 In,https://parts.cummins.com/esn-entry/main/part-details/5471859rx/parts-search,https://parts.cummins.com/gateway/api/IACDataServices/graphics/parts/547/5471859RX/5471859RX_iso2.png?x-image-size=medium,5471859RX_image1.jpg,https://parts.cummins.com/gateway/api/IACDataServices/graphics/parts/547/5471859RX/5471859RX_iso.png?x-image-size=medium,5471859RX_image2.jpg,https://parts.cummins.com/gateway/api/IACDataServices/graphics/parts/547/5471859RX/5471859RX_right.png?x-image-size=medium,5471859RX_image3.jpg,https://parts.cummins.com/gateway/api/IACDataServices/graphics/parts/547/5471859RX/5471859RX_front.png?x-image-size=medium,5471859RX_image4.jpg,https://parts.cummins.com/gateway/api/IACDataServices/graphics/parts/547/5471859RX/5471859RX_top.png?x-image-size=medium,5471859RX_image5.jpg,,,,,,,,
5471859,Fuel Pump,Y,58.5 In,59 Lbs,40 In,58.5 In,https://parts.cummins.com/esn-entry/main/part-details/5471859/parts-search,https://parts.cummins.com/gateway/api/IACDataServices/graphics/parts/547/5471859/5471859_iso.png?x-image-size=medium,5471859_image1.jpg,https://parts.cummins.com/gateway/api/IACDataServices/graphics/parts/547/5471859/5471859_iso2.png?x-image-size=medium,5471859_image2.jpg,https://parts.cummins.com/gateway/api/IACDataServices/graphics/parts/547/5471859/5471859_front.png?x-image-size=medium,5471859_image3.jpg,https://parts.cummins.com/gateway/api/IACDataServices/graphics/parts/547/5471859/5471859_top.png?x-image-size=medium,5471859_image4.jpg,https://parts.cummins.com/gateway/api/IACDataServices/graphics/parts/547/5471859/5471859_right.png?x-image-size=medium,5471859_image5.jpg,,,,,,,,
5471859RX,Fuel Pump,Y,58.5 In,62 Lbs,40 In,58.5 In,https://parts.cummins.com/esn-entry/main/part-details/5471859rx/parts-search,https://parts.cummins.com/gateway/api/IACDataServices/graphics/parts/547/5471859RX/5471859RX_iso2.png?x-image-size=medium,5471859RX_image1.jpg,https://parts.cummins.com/gateway/api/IACDataServices/graphics/parts/547/5471859RX/5471859RX_iso.png?x-image-size=medium,5471859RX_image2.jpg,https://parts.cummins.com/gateway/api/IACDataServices/graphics/parts/547/5471859RX/5471859RX_right.png?x-image-size=medium,5471859RX_image3.jpg,https://parts.cummins.com/gateway/api/IACDataServices/graphics/parts/547/5471859RX/5471859RX_front.png?x-image-size=medium,5471859RX_image4.jpg,https://parts.cummins.com/gateway/api/IACDataServices/graphics/parts/547/5471859RX/5471859RX_top.png?x-image-size=medium,5471859RX_image5.jpg,,,,,,,,
5539096,Fuel Pump,Y,59 In,78 Lbs,39 In,44 In,https://parts.cummins.com/esn-entry/main/part-details/5539096/parts-search,https://parts.cummins.com/gateway/api/IACDataServices/graphics/parts/553/5539096/5539096_iso.png?x-image-size=medium,5539096_image1.jpg,https://parts.cummins.com/gateway/api/IACDataServices/graphics/parts/553/5539096/5539096_iso2.png?x-image-size=medium,5539096_image2.jpg,https://parts.cummins.com/gateway/api/IACDataServices/graphics/parts/553/5539096/5539096_top.png?x-image-size=medium,5539096_image3.jpg,https://parts.cummins.com/gateway/api/IACDataServices/graphics/parts/553/5539096/5539096_front.png?x-image-size=medium,5539096_image4.jpg,https://parts.cummins.com/gateway/api/IACDataServices/graphics/parts/553/5539096/5539096_right.png?x-image-size=medium,5539096_image5.jpg,,,,,,,,
5539096RX,Fuel Pump,N,59 In,77 Lbs,39 In,37.5 In,https://parts.cummins.com/esn-entry/main/part-details/5539096rx/parts-search,https://parts.cummins.com/gateway/api/IACDataServices/graphics/parts/553/5539096RX/5539096RX_iso.png?x-image-size=medium,5539096RX_image1.jpg,https://parts.cummins.com/gateway/api/IACDataServices/graphics/parts/553/5539096RX/5539096RX_iso2.png?x-image-size=medium,5539096RX_image2.jpg,https://parts.cummins.com/gateway/api/IACDataServices/graphics/parts/553/5539096RX/5539096RX_front.png?x-image-size=medium,5539096RX_image3.jpg,https://parts.cummins.com/gateway/api/IACDataServices/graphics/parts/553/5539096RX/5539096RX_right.png?x-image-size=medium,5539096RX_image4.jpg,https://parts.cummins.com/gateway/api/IACDataServices/graphics/parts/553/5539096RX/5539096RX_top.png?x-image-size=medium,5539096RX_image5.jpg,,,,,,,,
5539096,Fuel Pump,Y,59 In,78 Lbs,39 In,44 In,https://parts.cummins.com/esn-entry/main/part-details/5539096/parts-search,https://parts.cummins.com/gateway/api/IACDataServices/graphics/parts/553/5539096/5539096_iso.png?x-image-size=medium,5539096_image1.jpg,https://parts.cummins.com/gateway/api/IACDataServices/graphics/parts/553/5539096/5539096_iso2.png?x-image-size=medium,5539096_image2.jpg,https://parts.cummins.com/gateway/api/IACDataServices/graphics/parts/553/5539096/5539096_top.png?x-image-size=medium,5539096_image3.jpg,https://parts.cummins.com/gateway/api/IACDataServices/graphics/parts/553/5539096/5539096_front.png?x-image-size=medium,5539096_image4.jpg,https://parts.cummins.com/gateway/api/IACDataServices/graphics/parts/553/5539096/5539096_right.png?x-image-size=medium,5539096_image5.jpg,,,,,,,,
5539096RX,Fuel Pump,N,59 In,77 Lbs,39 In,37.5 In,https://parts.cummins.com/esn-entry/main/part-details/5539096rx/parts-search,https://parts.cummins.com/gateway/api/IACDataServices/graphics/parts/553/5539096RX/5539096RX_iso.png?x-image-size=medium,5539096RX_image1.jpg,https://parts.cummins.com/gateway/api/IACDataServices/graphics/parts/553/5539096RX/5539096RX_iso2.png?x-image-size=medium,5539096RX_image2.jpg,https://parts.cummins.com/gateway/api/IACDataServices/graphics/parts/553/5539096RX/5539096RX_front.png?x-image-size=medium,5539096RX_image3.jpg,https://parts.cummins.com/gateway/api/IACDataServices/graphics/parts/553/5539096RX/5539096RX_right.png?x-image-size=medium,5539096RX_image4.jpg,https://parts.cummins.com/gateway/api/IACDataServices/graphics/parts/553/5539096RX/5539096RX_top.png?x-image-size=medium,5539096RX_image5.jpg,,,,,,,,
3640480,Fuel Transfer Tank,Y,66 mm,9 Kgs,35 mm,20 mm,https://parts.cummins.com/esn-entry/main/part-details/3640480/parts-search,no image available,no image available,,,,,,,,,,,,,,,,
,,N,null,null,null,null,https://parts.cummins.com/gsn-entry/main/part-details/3640480/part,no image available,no image available,,,,,,,,,,,,,,,,
3651938,Air Fuel Throttle Valve,Y,14.13 In,23 Lbs,14 In,10.88 In,https://parts.cummins.com/esn-entry/main/part-details/3651938/parts-search,https://parts.cummins.com/gateway/api/IACDataServices/graphics/parts/365/3651938/3651938_iso2.png?x-image-size=medium,3651938_image1.jpg,https://parts.cummins.com/gateway/api/IACDataServices/graphics/parts/365/3651938/3651938_iso.png?x-image-size=medium,3651938_image2.jpg,,,,,,,,,,,,,,
,,N,null,null,null,null,https://parts.cummins.com/gsn-entry/main/part-details/3651938/part,no image available,no image available,,,,,,,,,,,,,,,,
3649842,Fuel Transfer Pump,Y,0 mm,0 Kgs,0 mm,0 mm,https://parts.cummins.com/esn-entry/main/part-details/3649842/parts-search,https://parts.cummins.com/gateway/api/IACDataServices/graphics/parts/364/3649842/3649842_iso2.png?x-image-size=medium,3649842_image1.jpg,https://parts.cummins.com/gateway/api/IACDataServices/graphics/parts/364/3649842/3649842_iso.png?x-image-size=medium,3649842_image2.jpg,https://parts.cummins.com/gateway/api/IACDataServices/graphics/parts/364/3649842/3649842_bottom.png?x-image-size=medium,3649842_image3.jpg,https://parts.cummins.com/gateway/api/IACDataServices/graphics/parts/364/3649842/3649842_top.png?x-image-size=medium,3649842_image4.jpg,,,,,,,,,,
,,N,null,null,null,null,https://parts.cummins.com/gsn-entry/main/part-details/3649842/part,no image available,no image available,,,,,,,,,,,,,,,,
5254004,Fuel Pump,Y,55 In,13.23 Lbs,33 In,43 In,https://parts.cummins.com/esn-entry/main/part-details/5254004/parts-search,no image available,no image available,,,,,,,,,,,,,,,,
5254004,Fuel Pump,Y,55 In,13.23 Lbs,33 In,43 In,https://parts.cummins.com/esn-entry/main/part-details/5254004/parts-search,no image available,no image available,,,,,,,,,,,,,,,,
4066514,Fuel Control Module,Y,33 mm,11.908 Kgs,16 mm,21 mm,https://parts.cummins.com/esn-entry/main/part-details/4066514/parts-search,https://parts.cummins.com/gateway/api/IACDataServices/graphics/parts/406/4066514/4066514_iso2.png?x-image-size=medium,4066514_image1.jpg,https://parts.cummins.com/gateway/api/IACDataServices/graphics/parts/406/4066514/4066514_iso.png?x-image-size=medium,4066514_image2.jpg,https://parts.cummins.com/gateway/api/IACDataServices/graphics/parts/406/4066514/4066514_front.png?x-image-size=medium,4066514_image3.jpg,https://parts.cummins.com/gateway/api/IACDataServices/graphics/parts/406/4066514/4066514_right.png?x-image-size=medium,4066514_image4.jpg,https://parts.cummins.com/gateway/api/IACDataServices/graphics/parts/406/4066514/4066514_top.png?x-image-size=medium,4066514_image5.jpg,,,,,,,,
4066514,Fuel Control Module,Y,33 mm,11.908 Kgs,16 mm,21 mm,https://parts.cummins.com/esn-entry/main/part-details/4066514/parts-search,https://parts.cummins.com/gateway/api/IACDataServices/graphics/parts/406/4066514/4066514_iso2.png?x-image-size=medium,4066514_image1.jpg,https://parts.cummins.com/gateway/api/IACDataServices/graphics/parts/406/4066514/4066514_iso.png?x-image-size=medium,4066514_image2.jpg,https://parts.cummins.com/gateway/api/IACDataServices/graphics/parts/406/4066514/4066514_front.png?x-image-size=medium,4066514_image3.jpg,https://parts.cummins.com/gateway/api/IACDataServices/graphics/parts/406/4066514/4066514_right.png?x-image-size=medium,4066514_image4.jpg,https://parts.cummins.com/gateway/api/IACDataServices/graphics/parts/406/4066514/4066514_top.png?x-image-size=medium,4066514_image5.jpg,,,,,,,,
3647768,Fuel Transfer Pump,Y,28 mm,16 Kgs,17 mm,21 mm,https://parts.cummins.com/esn-entry/main/part-details/3647768/parts-search,https://parts.cummins.com/gateway/api/IACDataServices/graphics/parts/364/3647768/3647768_iso.png?x-image-size=medium,3647768_image1.jpg,https://parts.cummins.com/gateway/api/IACDataServices/graphics/parts/364/3647768/3647768_iso2.png?x-image-size=medium,3647768_image2.jpg,https://parts.cummins.com/gateway/api/IACDataServices/graphics/parts/364/3647768/3647768_back.png?x-image-size=medium,3647768_image3.jpg,https://parts.cummins.com/gateway/api/IACDataServices/graphics/parts/364/3647768/3647768_bottom.png?x-image-size=medium,3647768_image4.jpg,https://parts.cummins.com/gateway/api/IACDataServices/graphics/parts/364/3647768/3647768_front.png?x-image-size=medium,3647768_image5.jpg,https://parts.cummins.com/gateway/api/IACDataServices/graphics/parts/364/3647768/3647768_top.png?x-image-size=medium,3647768_image6.jpg,,,,,,
,,N,null,null,null,null,https://parts.cummins.com/gsn-entry/main/part-details/3647768/part,no image available,no image available,,,,,,,,,,,,,,,,
3650032,Fuel Manifold,Y,226 mm,40 Kgs,15 mm,29 mm,https://parts.cummins.com/esn-entry/main/part-details/3650032/parts-search,https://parts.cummins.com/gateway/api/IACDataServices/graphics/parts/365/3650032/3650032_iso_mkt.png?x-image-size=medium,3650032_image1.jpg,https://parts.cummins.com/gateway/api/IACDataServices/graphics/parts/365/3650032/3650032_iso2.png?x-image-size=medium,3650032_image2.jpg,https://parts.cummins.com/gateway/api/IACDataServices/graphics/parts/365/3650032/3650032_iso.png?x-image-size=medium,3650032_image3.jpg,https://parts.cummins.com/gateway/api/IACDataServices/graphics/parts/365/3650032/3650032_front.png?x-image-size=medium,3650032_image4.jpg,https://parts.cummins.com/gateway/api/IACDataServices/graphics/parts/365/3650032/3650032_top.png?x-image-size=medium,3650032_image5.jpg,https://parts.cummins.com/gateway/api/IACDataServices/graphics/parts/365/3650032/3650032_left.png?x-image-size=medium,3650032_image6.jpg,https://parts.cummins.com/gateway/api/IACDataServices/graphics/parts/365/3650032/3650032_back.png?x-image-size=medium,3650032_image7.jpg,https://parts.cummins.com/gateway/api/IACDataServices/graphics/parts/365/3650032/3650032_right.png?x-image-size=medium,3650032_image8.jpg,,
,,N,null,null,null,null,https://parts.cummins.com/gsn-entry/main/part-details/3650032/part,no image available,no image available,,,,,,,,,,,,,,,,
4000532,"Pump,fuel/afc Auto -n",Y,15.25 In,13.3 Lbs,15.5 In,16.75 In,https://parts.cummins.com/esn-entry/main/part-details/4000532/parts-search,no image available,no image available,,,,,,,,,,,,,,,,
,,N,null,null,null,null,https://parts.cummins.com/gsn-entry/main/part-details/4000532/part,no image available,no image available,,,,,,,,,,,,,,,,
3074599,"Pump,fuel/afc Auto -n",Y,14.8 In,21.64 Lbs,"Non-Hazardous (NOI, ICE/Auto)",13.3 In,https://parts.cummins.com/esn-entry/main/part-details/3074599/parts-search,no image available,no image available,,,,,,,,,,,,,,,,
,,N,null,null,null,null,https://parts.cummins.com/gsn-entry/main/part-details/3074599/part,no image available,no image available,,,,,,,,,,,,,,,,
3815769,Fuel Pump,Y,42.5 In,13.44 Lbs,30 In,30.6 In,https://parts.cummins.com/esn-entry/main/part-details/3815769/parts-search,no image available,no image available,,,,,,,,,,,,,,,,
,,N,null,null,null,null,https://parts.cummins.com/gsn-entry/main/part-details/3815769/part,no image available,no image available,,,,,,,,,,,,,,,,
3938375,"Pump,fuel/p30 Inline Rs",Y,23.1 In,43.83 Lbs,15.6 In,10.3 In,https://parts.cummins.com/esn-entry/main/part-details/3938375/parts-search,no image available,no image available,,,,,,,,,,,,,,,,
3938375,"Pump,fuel/p30 Inline Rs",Y,23.1 In,43.83 Lbs,15.6 In,10.3 In,https://parts.cummins.com/esn-entry/main/part-details/3938375/parts-search,no image available,no image available,,,,,,,,,,,,,,,,
3019540,"Pump,fuel/afc Auto -n",Y,12.5 In,15.75 Lbs,"Non-Hazardous (NOI, ICE/Auto)",11.5 In,https://parts.cummins.com/esn-entry/main/part-details/3019540/parts-search,no image available,no image available,,,,,,,,,,,,,,,,
,,N,null,null,null,null,https://parts.cummins.com/gsn-entry/main/part-details/3019540/part,no image available,no image available,,,,,,,,,,,,,,,,
4063700,Fuel Pump,Y,17 In,41.3 Lbs,12.1 In,11.88 In,https://parts.cummins.com/esn-entry/main/part-details/4063700/parts-search,no image available,no image available,,,,,,,,,,,,,,,,
4063700,Fuel Pump,Y,17 In,41.3 Lbs,12.1 In,11.88 In,https://parts.cummins.com/esn-entry/main/part-details/4063700/parts-search,no image available,no image available,,,,,,,,,,,,,,,,
3957713,Fuel Injection Pump,Recon equivalent 3957713 NX,Y,14.1 In,1.65 Lbs,14 In,https://parts.cummins.com/esn-entry/main/part-details/3957713/parts-search,https://parts.cummins.com/gateway/api/IACDataServices/graphics/parts/395/3957713/3957713_iso.png?x-image-size=medium,3957713_image1.jpg,https://parts.cummins.com/gateway/api/IACDataServices/graphics/parts/395/3957713/3957713_iso2.png?x-image-size=medium,3957713_image2.jpg,https://parts.cummins.com/gateway/api/IACDataServices/graphics/parts/395/3957713/3957713_front.png?x-image-size=medium,3957713_image3.jpg,https://parts.cummins.com/gateway/api/IACDataServices/graphics/parts/395/3957713/3957713_top.png?x-image-size=medium,3957713_image4.jpg,https://parts.cummins.com/gateway/api/IACDataServices/graphics/parts/395/3957713/3957713_right.png?x-image-size=medium,3957713_image5.jpg,,,,,,,,
3957713NX,"Pump,fuel Injection Delph",N,13.5 In,18.22 Lbs,11.5 In,6.5 In,https://parts.cummins.com/esn-entry/main/part-details/3957713nx/parts-search,no image available,no image available,,,,,,,,,,,,,,,,
3957713,Fuel Injection Pump,Recon equivalent 3957713 NX,Y,14.1 In,1.65 Lbs,14 In,https://parts.cummins.com/esn-entry/main/part-details/3957713/parts-search,https://parts.cummins.com/gateway/api/IACDataServices/graphics/parts/395/3957713/3957713_iso.png?x-image-size=medium,3957713_image1.jpg,https://parts.cummins.com/gateway/api/IACDataServices/graphics/parts/395/3957713/3957713_iso2.png?x-image-size=medium,3957713_image2.jpg,https://parts.cummins.com/gateway/api/IACDataServices/graphics/parts/395/3957713/3957713_front.png?x-image-size=medium,3957713_image3.jpg,https://parts.cummins.com/gateway/api/IACDataServices/graphics/parts/395/3957713/3957713_top.png?x-image-size=medium,3957713_image4.jpg,https://parts.cummins.com/gateway/api/IACDataServices/graphics/parts/395/3957713/3957713_right.png?x-image-size=medium,3957713_image5.jpg,,,,,,,,
,,N,null,null,null,null,https://parts.cummins.com/gsn-entry/main/part-details/3957713nx/part,no image available,no image available,,,,,,,,,,,,,,,,
208415,Crankshaft Pulley,N,9 In,18.25 Lbs,"Non-Hazardous (NOI, ICE/Auto)",2 In,https://parts.cummins.com/esn-entry/main/part-details/208415/parts-search,no image available,no image available,,,,,,,,,,,,,,,,
3975927,Fuel Injection Pump,N,21.6 In,50.51 Lbs,17 In,12.75 In,https://parts.cummins.com/esn-entry/main/part-details/3975927/parts-search,no image available,no image available,,,,,,,,,,,,,,,,
3975927,Fuel Injection Pump,N,21.6 In,50.51 Lbs,17 In,12.75 In,https://parts.cummins.com/esn-entry/main/part-details/3975927/parts-search,no image available,no image available,,,,,,,,,,,,,,,,
3960899,Fuel Injection Pump,N,0 In,.1 Lbs,0 In,0 In,https://parts.cummins.com/esn-entry/main/part-details/3960899/parts-search,no image available,no image available,,,,,,,,,,,,,,,,
3960899,Fuel Injection Pump,N,0 In,.1 Lbs,0 In,0 In,https://parts.cummins.com/esn-entry/main/part-details/3960899/parts-search,no image available,no image available,,,,,,,,,,,,,,,,
3969547,Fuel Injection Pump,N,25.8 In,50 Lbs,16.8 In,12.75 In,https://parts.cummins.com/esn-entry/main/part-details/3969547/parts-search,no image available,no image available,,,,,,,,,,,,,,,,
3969547,Fuel Injection Pump,N,25.8 In,50 Lbs,16.8 In,12.75 In,https://parts.cummins.com/esn-entry/main/part-details/3969547/parts-search,no image available,no image available,,,,,,,,,,,,,,,,
3429351,Fuel Flow Valve,Y,25.7 In,7.77 Lbs,16.9 In,17.6 In,https://parts.cummins.com/esn-entry/main/part-details/3429351/parts-search,https://parts.cummins.com/gateway/api/IACDataServices/graphics/parts/342/3429351/3429351_iso2.png?x-image-size=medium,3429351_image1.jpg,https://parts.cummins.com/gateway/api/IACDataServices/graphics/parts/342/3429351/3429351_iso.png?x-image-size=medium,3429351_image2.jpg,https://parts.cummins.com/gateway/api/IACDataServices/graphics/parts/342/3429351/3429351_front.png?x-image-size=medium,3429351_image3.jpg,,,,,,,,,,,,
3429351,Fuel Flow Valve,Y,25.7 In,7.77 Lbs,16.9 In,17.6 In,https://parts.cummins.com/esn-entry/main/part-details/3429351/parts-search,https://parts.cummins.com/gateway/api/IACDataServices/graphics/parts/342/3429351/3429351_iso2.png?x-image-size=medium,3429351_image1.jpg,https://parts.cummins.com/gateway/api/IACDataServices/graphics/parts/342/3429351/3429351_iso.png?x-image-size=medium,3429351_image2.jpg,https://parts.cummins.com/gateway/api/IACDataServices/graphics/parts/342/3429351/3429351_front.png?x-image-size=medium,3429351_image3.jpg,,,,,,,,,,,,
4066511,Fuel Flow Valve,Y,13 In,17 Lbs,9 In,8.3 In,https://parts.cummins.com/esn-entry/main/part-details/4066511/parts-search,https://parts.cummins.com/gateway/api/IACDataServices/graphics/parts/406/4066511/4066511_iso.png?x-image-size=medium,4066511_image1.jpg,https://parts.cummins.com/gateway/api/IACDataServices/graphics/parts/406/4066511/4066511_iso2.png?x-image-size=medium,4066511_image2.jpg,https://parts.cummins.com/gateway/api/IACDataServices/graphics/parts/406/4066511/4066511_top.png?x-image-size=medium,4066511_image3.jpg,,,,,,,,,,,,
,,N,null,null,null,null,https://parts.cummins.com/gsn-entry/main/part-details/4066511/part,no image available,no image available,,,,,,,,,,,,,,,,
3607803,Fuel Flow Valve,Y,13 In,18.55 Lbs,"Non-Hazardous (NOI, ICE/Auto)",9 In,https://parts.cummins.com/esn-entry/main/part-details/3607803/parts-search,https://parts.cummins.com/gateway/api/IACDataServices/graphics/parts/360/3607803/3607803_iso_mkt.png?x-image-size=medium,3607803_image1.jpg,https://parts.cummins.com/gateway/api/IACDataServices/graphics/parts/360/3607803/3607803_iso.png?x-image-size=medium,3607803_image2.jpg,https://parts.cummins.com/gateway/api/IACDataServices/graphics/parts/360/3607803/3607803_iso2.png?x-image-size=medium,3607803_image3.jpg,https://parts.cummins.com/gateway/api/IACDataServices/graphics/parts/360/3607803/3607803_front.png?x-image-size=medium,3607803_image4.jpg,https://parts.cummins.com/gateway/api/IACDataServices/graphics/parts/360/3607803/3607803_right.png?x-image-size=medium,3607803_image5.jpg,https://parts.cummins.com/gateway/api/IACDataServices/graphics/parts/360/3607803/3607803_top.png?x-image-size=medium,3607803_image6.jpg,,,,,,
,,N,null,null,null,null,https://parts.cummins.com/gsn-entry/main/part-details/3607803/part,no image available,no image available,,,,,,,,,,,,,,,,
3607879,Fuel Flow Valve,Y,15 In,7.691 Lbs,14.5 In,29.5 In,https://parts.cummins.com/esn-entry/main/part-details/3607879/parts-search,https://parts.cummins.com/gateway/api/IACDataServices/graphics/parts/360/3607879/3607879_iso2.png?x-image-size=medium,3607879_image1.jpg,https://parts.cummins.com/gateway/api/IACDataServices/graphics/parts/360/3607879/3607879_iso.png?x-image-size=medium,3607879_image2.jpg,https://parts.cummins.com/gateway/api/IACDataServices/graphics/parts/360/3607879/3607879_left.png?x-image-size=medium,3607879_image3.jpg,https://parts.cummins.com/gateway/api/IACDataServices/graphics/parts/360/3607879/3607879_top.png?x-image-size=medium,3607879_image4.jpg,,,,,,,,,,
,,N,null,null,null,null,https://parts.cummins.com/gsn-entry/main/part-details/3607879/part,no image available,no image available,,,,,,,,,,,,,,,,
3972351,Fuel Injection Pump,China Part.,N,0 In,.1 Lbs,0 In,https://parts.cummins.com/esn-entry/main/part-details/3972351/parts-search,no image available,no image available,,,,,,,,,,,,,,,,
,,N,null,null,null,null,https://parts.cummins.com/gsn-entry/main/part-details/3972351/part,no image available,no image available,,,,,,,,,,,,,,,,
,,N,null,null,null,null,https://parts.cummins.com/gsn-entry/main/part-details/3966339/part,no image available,no image available,,,,,,,,,,,,,,,,
5317838,Fuel Pump,Y,52.2 In,19.2 Lbs,33 In,26.4 In,https://parts.cummins.com/esn-entry/main/part-details/5317838/parts-search,https://parts.cummins.com/gateway/api/IACDataServices/graphics/parts/531/5317838/5317838_iso.png?x-image-size=medium,5317838_image1.jpg,https://parts.cummins.com/gateway/api/IACDataServices/graphics/parts/531/5317838/5317838_iso2.png?x-image-size=medium,5317838_image2.jpg,https://parts.cummins.com/gateway/api/IACDataServices/graphics/parts/531/5317838/5317838_iso_mkt.png?x-image-size=medium,5317838_image3.jpg,https://parts.cummins.com/gateway/api/IACDataServices/graphics/parts/531/5317838/5317838_back.png?x-image-size=medium,5317838_image4.jpg,https://parts.cummins.com/gateway/api/IACDataServices/graphics/parts/531/5317838/5317838_bottom.png?x-image-size=medium,5317838_image5.jpg,https://parts.cummins.com/gateway/api/IACDataServices/graphics/parts/531/5317838/5317838_front.png?x-image-size=medium,5317838_image6.jpg,https://parts.cummins.com/gateway/api/IACDataServices/graphics/parts/531/5317838/5317838_left.png?x-image-size=medium,5317838_image7.jpg,https://parts.cummins.com/gateway/api/IACDataServices/graphics/parts/531/5317838/5317838_right.png?x-image-size=medium,5317838_image8.jpg,https://parts.cummins.com/gateway/api/IACDataServices/graphics/parts/531/5317838/5317838_top.png?x-image-size=medium,5317838_image9.jpg
5317838,Fuel Pump,Y,52.2 In,19.2 Lbs,33 In,26.4 In,https://parts.cummins.com/esn-entry/main/part-details/5317838/parts-search,https://parts.cummins.com/gateway/api/IACDataServices/graphics/parts/531/5317838/5317838_iso.png?x-image-size=medium,5317838_image1.jpg,https://parts.cummins.com/gateway/api/IACDataServices/graphics/parts/531/5317838/5317838_iso2.png?x-image-size=medium,5317838_image2.jpg,https://parts.cummins.com/gateway/api/IACDataServices/graphics/parts/531/5317838/5317838_iso_mkt.png?x-image-size=medium,5317838_image3.jpg,https://parts.cummins.com/gateway/api/IACDataServices/graphics/parts/531/5317838/5317838_back.png?x-image-size=medium,5317838_image4.jpg,https://parts.cummins.com/gateway/api/IACDataServices/graphics/parts/531/5317838/5317838_bottom.png?x-image-size=medium,5317838_image5.jpg,https://parts.cummins.com/gateway/api/IACDataServices/graphics/parts/531/5317838/5317838_front.png?x-image-size=medium,5317838_image6.jpg,https://parts.cummins.com/gateway/api/IACDataServices/graphics/parts/531/5317838/5317838_left.png?x-image-size=medium,5317838_image7.jpg,https://parts.cummins.com/gateway/api/IACDataServices/graphics/parts/531/5317838/5317838_right.png?x-image-size=medium,5317838_image8.jpg,https://parts.cummins.com/gateway/api/IACDataServices/graphics/parts/531/5317838/5317838_top.png?x-image-size=medium,5317838_image9.jpg
3170220,Fuel Cooler,Y,39.5 In,44.5 Lbs,"Non-Hazardous (NOI, ICE/Auto)",27.5 In,https://parts.cummins.com/esn-entry/main/part-details/3170220/parts-search,https://parts.cummins.com/gateway/api/IACDataServices/graphics/parts/317/3170220/3170220_iso2.png?x-image-size=medium,3170220_image1.jpg,https://parts.cummins.com/gateway/api/IACDataServices/graphics/parts/317/3170220/3170220_iso.png?x-image-size=medium,3170220_image2.jpg,https://parts.cummins.com/gateway/api/IACDataServices/graphics/parts/317/3170220/3170220_right.png?x-image-size=medium,3170220_image3.jpg,https://parts.cummins.com/gateway/api/IACDataServices/graphics/parts/317/3170220/3170220_front.png?x-image-size=medium,3170220_image4.jpg,,,,,,,,,,
,,N,null,null,null,null,https://parts.cummins.com/gsn-entry/main/part-details/3170220/part,no image available,no image available,,,,,,,,,,,,,,,,
,,N,null,null,null,null,https://parts.cummins.com/gsn-entry/main/part-details/3966173/part,no image available,no image available,,,,,,,,,,,,,,,,
3075666,Fuel Pump,PART OBSOLETED WITH NO REPLACEMENT.,N,1 In,1 Lbs,"Non-Hazardous (NOI, ICE/Auto)",https://parts.cummins.com/esn-entry/main/part-details/3075666/parts-search,no image available,no image available,,,,,,,,,,,,,,,,
4917540,Electronic Fuel Control Actuator,Y,TSB130102,19.5 In,1.962 Lbs,14 In,https://parts.cummins.com/esn-entry/main/part-details/4917540/parts-search,no image available,no image available,,,,,,,,,,,,,,,,
C0149175400,Fuel Filter,N,5 In,1.85 Lbs,"Non-Hazardous (NOI, ICE/Auto)",4.5 In,https://parts.cummins.com/esn-entry/main/part-details/c0149175400/parts-search,no image available,no image available,,,,,,,,,,,,,,,,
,,N,null,null,null,null,https://parts.cummins.com/gsn-entry/main/part-details/4917540/part,no image available,no image available,,,,,,,,,,,,,,,,
5263084,Fuel Injection Pump,Y,27 In,19.48 Lbs,41 In,54 In,https://parts.cummins.com/esn-entry/main/part-details/5263084/parts-search,https://parts.cummins.com/gateway/api/IACDataServices/graphics/parts/526/5263084/5263084_iso.png?x-image-size=medium,5263084_image1.jpg,https://parts.cummins.com/gateway/api/IACDataServices/graphics/parts/526/5263084/5263084_iso2.png?x-image-size=medium,5263084_image2.jpg,https://parts.cummins.com/gateway/api/IACDataServices/graphics/parts/526/5263084/5263084_top.png?x-image-size=medium,5263084_image3.jpg,https://parts.cummins.com/gateway/api/IACDataServices/graphics/parts/526/5263084/5263084_front.png?x-image-size=medium,5263084_image4.jpg,https://parts.cummins.com/gateway/api/IACDataServices/graphics/parts/526/5263084/5263084_right.png?x-image-size=medium,5263084_image5.jpg,,,,,,,,
5263084,Fuel Injection Pump,Y,27 In,19.48 Lbs,41 In,54 In,https://parts.cummins.com/esn-entry/main/part-details/5263084/parts-search,https://parts.cummins.com/gateway/api/IACDataServices/graphics/parts/526/5263084/5263084_iso.png?x-image-size=medium,5263084_image1.jpg,https://parts.cummins.com/gateway/api/IACDataServices/graphics/parts/526/5263084/5263084_iso2.png?x-image-size=medium,5263084_image2.jpg,https://parts.cummins.com/gateway/api/IACDataServices/graphics/parts/526/5263084/5263084_top.png?x-image-size=medium,5263084_image3.jpg,https://parts.cummins.com/gateway/api/IACDataServices/graphics/parts/526/5263084/5263084_front.png?x-image-size=medium,5263084_image4.jpg,https://parts.cummins.com/gateway/api/IACDataServices/graphics/parts/526/5263084/5263084_right.png?x-image-size=medium,5263084_image5.jpg,,,,,,,,
3977353,Fuel Injection Pump,Y,11.6 In,16.55 Lbs,10.6 In,8 In,https://parts.cummins.com/esn-entry/main/part-details/3977353/parts-search,no image available,no image available,,,,,,,,,,,,,,,,
,,N,null,null,null,null,https://parts.cummins.com/gsn-entry/main/part-details/3977353/part,no image available,no image available,,,,,,,,,,,,,,,,
3974338,Fuel Injection Pump,Y,13 In,16.9 Lbs,10 In,4.5 In,https://parts.cummins.com/esn-entry/main/part-details/3974338/parts-search,no image available,no image available,,,,,,,,,,,,,,,,
3974338,Fuel Injection Pump,Y,13 In,16.9 Lbs,10 In,4.5 In,https://parts.cummins.com/esn-entry/main/part-details/3974338/parts-search,no image available,no image available,,,,,,,,,,,,,,,,
3975384,Fuel Injection Pump,Y,13 In,17.05 Lbs,10 In,4.5 In,https://parts.cummins.com/esn-entry/main/part-details/3975384/parts-search,no image available,no image available,,,,,,,,,,,,,,,,
3975384,Fuel Injection Pump,Y,13 In,17.05 Lbs,10 In,4.5 In,https://parts.cummins.com/esn-entry/main/part-details/3975384/parts-search,no image available,no image available,,,,,,,,,,,,,,,,
4942101,Fuel/w/o Calibration Code Pump,Y,32 In,8 Lbs,22 In,28 In,https://parts.cummins.com/esn-entry/main/part-details/4942101/parts-search,https://parts.cummins.com/gateway/api/IACDataServices/graphics/parts/494/4942101/4942101_iso.png?x-image-size=medium,4942101_image1.jpg,https://parts.cummins.com/gateway/api/IACDataServices/graphics/parts/494/4942101/4942101_iso2.png?x-image-size=medium,4942101_image2.jpg,https://parts.cummins.com/gateway/api/IACDataServices/graphics/parts/494/4942101/4942101_back.png?x-image-size=medium,4942101_image3.jpg,https://parts.cummins.com/gateway/api/IACDataServices/graphics/parts/494/4942101/4942101_bottom.png?x-image-size=medium,4942101_image4.jpg,https://parts.cummins.com/gateway/api/IACDataServices/graphics/parts/494/4942101/4942101_front.png?x-image-size=medium,4942101_image5.jpg,https://parts.cummins.com/gateway/api/IACDataServices/graphics/parts/494/4942101/4942101_left.png?x-image-size=medium,4942101_image6.jpg,https://parts.cummins.com/gateway/api/IACDataServices/graphics/parts/494/4942101/4942101_right.png?x-image-size=medium,4942101_image7.jpg,https://parts.cummins.com/gateway/api/IACDataServices/graphics/parts/494/4942101/4942101_top.png?x-image-size=medium,4942101_image8.jpg,,
,,N,null,null,null,null,https://parts.cummins.com/gsn-entry/main/part-details/4942101/part,no image available,no image available,,,,,,,,,,,,,,,,
4944055,Fuel Pump,Y,52.2 In,16.864 Lbs,33 In,26.4 In,https://parts.cummins.com/esn-entry/main/part-details/4944055/parts-search,no image available,no image available,,,,,,,,,,,,,,,,
,,N,null,null,null,null,https://parts.cummins.com/gsn-entry/main/part-details/4944055/part,no image available,no image available,,,,,,,,,,,,,,,,
4983959,Fuel Pump,Y,15.38 In,18 Lbs,11.5 In,9 In,https://parts.cummins.com/esn-entry/main/part-details/4983959/parts-search,https://parts.cummins.com/gateway/api/IACDataServices/graphics/parts/498/4983959/4983959_iso2.png?x-image-size=medium,4983959_image1.jpg,https://parts.cummins.com/gateway/api/IACDataServices/graphics/parts/498/4983959/4983959_iso.png?x-image-size=medium,4983959_image2.jpg,https://parts.cummins.com/gateway/api/IACDataServices/graphics/parts/498/4983959/4983959_top.png?x-image-size=medium,4983959_image3.jpg,https://parts.cummins.com/gateway/api/IACDataServices/graphics/parts/498/4983959/4983959_right.png?x-image-size=medium,4983959_image4.jpg,https://parts.cummins.com/gateway/api/IACDataServices/graphics/parts/498/4983959/4983959_left.png?x-image-size=medium,4983959_image5.jpg,https://parts.cummins.com/gateway/api/IACDataServices/graphics/parts/498/4983959/4983959_front.png?x-image-size=medium,4983959_image6.jpg,,,,,,
4983959,Fuel Pump,Y,15.38 In,18 Lbs,11.5 In,9 In,https://parts.cummins.com/esn-entry/main/part-details/4983959/parts-search,https://parts.cummins.com/gateway/api/IACDataServices/graphics/parts/498/4983959/4983959_iso2.png?x-image-size=medium,4983959_image1.jpg,https://parts.cummins.com/gateway/api/IACDataServices/graphics/parts/498/4983959/4983959_iso.png?x-image-size=medium,4983959_image2.jpg,https://parts.cummins.com/gateway/api/IACDataServices/graphics/parts/498/4983959/4983959_top.png?x-image-size=medium,4983959_image3.jpg,https://parts.cummins.com/gateway/api/IACDataServices/graphics/parts/498/4983959/4983959_right.png?x-image-size=medium,4983959_image4.jpg,https://parts.cummins.com/gateway/api/IACDataServices/graphics/parts/498/4983959/4983959_left.png?x-image-size=medium,4983959_image5.jpg,https://parts.cummins.com/gateway/api/IACDataServices/graphics/parts/498/4983959/4983959_front.png?x-image-size=medium,4983959_image6.jpg,,,,,,
5256100,Fuel Injection Pump,Y,52.2 In,20.742 Lbs,33 In,26.4 In,https://parts.cummins.com/esn-entry/main/part-details/5256100/parts-search,https://parts.cummins.com/gateway/api/IACDataServices/graphics/parts/525/5256100/5256100_iso.png?x-image-size=medium,5256100_image1.jpg,https://parts.cummins.com/gateway/api/IACDataServices/graphics/parts/525/5256100/5256100_iso2.png?x-image-size=medium,5256100_image2.jpg,https://parts.cummins.com/gateway/api/IACDataServices/graphics/parts/525/5256100/5256100_top.png?x-image-size=medium,5256100_image3.jpg,https://parts.cummins.com/gateway/api/IACDataServices/graphics/parts/525/5256100/5256100_front.png?x-image-size=medium,5256100_image4.jpg,https://parts.cummins.com/gateway/api/IACDataServices/graphics/parts/525/5256100/5256100_left.png?x-image-size=medium,5256100_image5.jpg,,,,,,,,
5256100,Fuel Injection Pump,Y,52.2 In,20.742 Lbs,33 In,26.4 In,https://parts.cummins.com/esn-entry/main/part-details/5256100/parts-search,https://parts.cummins.com/gateway/api/IACDataServices/graphics/parts/525/5256100/5256100_iso.png?x-image-size=medium,5256100_image1.jpg,https://parts.cummins.com/gateway/api/IACDataServices/graphics/parts/525/5256100/5256100_iso2.png?x-image-size=medium,5256100_image2.jpg,https://parts.cummins.com/gateway/api/IACDataServices/graphics/parts/525/5256100/5256100_top.png?x-image-size=medium,5256100_image3.jpg,https://parts.cummins.com/gateway/api/IACDataServices/graphics/parts/525/5256100/5256100_front.png?x-image-size=medium,5256100_image4.jpg,https://parts.cummins.com/gateway/api/IACDataServices/graphics/parts/525/5256100/5256100_left.png?x-image-size=medium,5256100_image5.jpg,,,,,,,,
4983963,Fuel Pump,Y,45 In,7 Lbs,32 In,25 In,https://parts.cummins.com/esn-entry/main/part-details/4983963/parts-search,https://parts.cummins.com/gateway/api/IACDataServices/graphics/parts/498/4983963/4983963_iso2.png?x-image-size=medium,4983963_image1.jpg,https://parts.cummins.com/gateway/api/IACDataServices/graphics/parts/498/4983963/4983963_iso.png?x-image-size=medium,4983963_image2.jpg,https://parts.cummins.com/gateway/api/IACDataServices/graphics/parts/498/4983963/4983963_top.png?x-image-size=medium,4983963_image3.jpg,https://parts.cummins.com/gateway/api/IACDataServices/graphics/parts/498/4983963/4983963_right.png?x-image-size=medium,4983963_image4.jpg,https://parts.cummins.com/gateway/api/IACDataServices/graphics/parts/498/4983963/4983963_left.png?x-image-size=medium,4983963_image5.jpg,https://parts.cummins.com/gateway/api/IACDataServices/graphics/parts/498/4983963/4983963_front.png?x-image-size=medium,4983963_image6.jpg,,,,,,
,,N,null,null,null,null,https://parts.cummins.com/gsn-entry/main/part-details/4983963/part,no image available,no image available,,,,,,,,,,,,,,,,4983960,Fuel Pump,Y,15.4 In,18 Lbs,11.5 In,9 In,https://parts.cummins.com/esn-entry/main/part-details/4983960/parts-search,https://parts.cummins.com/gateway/api/IACDataServices/graphics/parts/498/4983960/4983960_iso2.png?x-image-size=medium,4983960_image1.jpg,https://parts.cummins.com/gateway/api/IACDataServices/graphics/parts/498/4983960/4983960_iso.png?x-image-size=medium,4983960_image2.jpg,https://parts.cummins.com/gateway/api/IACDataServices/graphics/parts/498/4983960/4983960_left.png?x-image-size=medium,4983960_image3.jpg,https://parts.cummins.com/gateway/api/IACDataServices/graphics/parts/498/4983960/4983960_front.png?x-image-size=medium,4983960_image4.jpg,https://parts.cummins.com/gateway/api/IACDataServices/graphics/parts/498/4983960/4983960_top.png?x-image-size=medium,4983960_image5.jpg,https://parts.cummins.com/gateway/api/IACDataServices/graphics/parts/498/4983960/4983960_right.png?x-image-size=medium,4983960_image6.jpg,,,,,,
4983960,Fuel Pump,Y,15.4 In,18 Lbs,11.5 In,9 In,https://parts.cummins.com/esn-entry/main/part-details/4983960/parts-search,https://parts.cummins.com/gateway/api/IACDataServices/graphics/parts/498/4983960/4983960_iso2.png?x-image-size=medium,4983960_image1.jpg,https://parts.cummins.com/gateway/api/IACDataServices/graphics/parts/498/4983960/4983960_iso.png?x-image-size=medium,4983960_image2.jpg,https://parts.cummins.com/gateway/api/IACDataServices/graphics/parts/498/4983960/4983960_left.png?x-image-size=medium,4983960_image3.jpg,https://parts.cummins.com/gateway/api/IACDataServices/graphics/parts/498/4983960/4983960_front.png?x-image-size=medium,4983960_image4.jpg,https://parts.cummins.com/gateway/api/IACDataServices/graphics/parts/498/4983960/4983960_top.png?x-image-size=medium,4983960_image5.jpg,https://parts.cummins.com/gateway/api/IACDataServices/graphics/parts/498/4983960/4983960_right.png?x-image-size=medium,4983960_image6.jpg,,,,,,
3971867,Fuel Water Separator,Y,28.1 In,42.1 Lbs,21.1 In,12.5 In,https://parts.cummins.com/esn-entry/main/part-details/3971867/parts-search,no image available,no image available,,,,,,,,,,,,,,,,
3971867,Fuel Water Separator,Y,28.1 In,42.1 Lbs,21.1 In,12.5 In,https://parts.cummins.com/esn-entry/main/part-details/3971867/parts-search,no image available,no image available,,,,,,,,,,,,,,,,
4989126,Fuel Pump,Y,14.8 In,14.5 Lbs,13.3 In,8.88 In,https://parts.cummins.com/esn-entry/main/part-details/4989126/parts-search,https://parts.cummins.com/gateway/api/IACDataServices/graphics/parts/498/4989126/4989126_iso2.png?x-image-size=medium,4989126_image1.jpg,https://parts.cummins.com/gateway/api/IACDataServices/graphics/parts/498/4989126/4989126_iso.png?x-image-size=medium,4989126_image2.jpg,https://parts.cummins.com/gateway/api/IACDataServices/graphics/parts/498/4989126/4989126_front.png?x-image-size=medium,4989126_image3.jpg,https://parts.cummins.com/gateway/api/IACDataServices/graphics/parts/498/4989126/4989126_top.png?x-image-size=medium,4989126_image4.jpg,,,,,,,,,,
,,N,null,null,null,null,https://parts.cummins.com/gsn-entry/main/part-details/4989126/part,no image available,no image available,,,,,,,,,,,,,,,,
C6205711360,Fuel Pump,Y,15.4 In,13.52 Lbs,11.5 In,9 In,https://parts.cummins.com/esn-entry/main/part-details/c6205711360/parts-search,https://parts.cummins.com/gateway/api/IACDataServices/graphics/parts/C62/C6205711360/C6205711360_iso.png?x-image-size=medium,C6205711360_image1.jpg,https://parts.cummins.com/gateway/api/IACDataServices/graphics/parts/C62/C6205711360/C6205711360_iso2.png?x-image-size=medium,C6205711360_image2.jpg,https://parts.cummins.com/gateway/api/IACDataServices/graphics/parts/C62/C6205711360/C6205711360_front.png?x-image-size=medium,C6205711360_image3.jpg,https://parts.cummins.com/gateway/api/IACDataServices/graphics/parts/C62/C6205711360/C6205711360_right.png?x-image-size=medium,C6205711360_image4.jpg,https://parts.cummins.com/gateway/api/IACDataServices/graphics/parts/C62/C6205711360/C6205711360_top.png?x-image-size=medium,C6205711360_image5.jpg,,,,,,,,
C6205711360,Fuel Pump,Y,15.4 In,13.52 Lbs,11.5 In,9 In,https://parts.cummins.com/esn-entry/main/part-details/c6205711360/parts-search,https://parts.cummins.com/gateway/api/IACDataServices/graphics/parts/C62/C6205711360/C6205711360_iso.png?x-image-size=medium,C6205711360_image1.jpg,https://parts.cummins.com/gateway/api/IACDataServices/graphics/parts/C62/C6205711360/C6205711360_iso2.png?x-image-size=medium,C6205711360_image2.jpg,https://parts.cummins.com/gateway/api/IACDataServices/graphics/parts/C62/C6205711360/C6205711360_front.png?x-image-size=medium,C6205711360_image3.jpg,https://parts.cummins.com/gateway/api/IACDataServices/graphics/parts/C62/C6205711360/C6205711360_right.png?x-image-size=medium,C6205711360_image4.jpg,https://parts.cummins.com/gateway/api/IACDataServices/graphics/parts/C62/C6205711360/C6205711360_top.png?x-image-size=medium,C6205711360_image5.jpg,,,,,,,,
4063354,"Pump,fuel/a Inline A Rs",Y,21.38 In,35 Lbs,11.75 In,13.25 In,https://parts.cummins.com/esn-entry/main/part-details/4063354/parts-search,no image available,no image available,,,,,,,,,,,,,,,,
4063354,"Pump,fuel/a Inline A Rs",Y,21.38 In,35 Lbs,11.75 In,13.25 In,https://parts.cummins.com/esn-entry/main/part-details/4063354/parts-search,no image available,no image available,,,,,,,,,,,,,,,,
3968388,Fuel Injection Pump,Recon Equivalent 3968388 NX,Y,12.4 In,18.14 Lbs,12.6 In,https://parts.cummins.com/esn-entry/main/part-details/3968388/parts-search,https://parts.cummins.com/gateway/api/IACDataServices/graphics/parts/396/3968388/3968388_iso2.png?x-image-size=medium,3968388_image1.jpg,https://parts.cummins.com/gateway/api/IACDataServices/graphics/parts/396/3968388/3968388_iso.png?x-image-size=medium,3968388_image2.jpg,https://parts.cummins.com/gateway/api/IACDataServices/graphics/parts/396/3968388/3968388_right.png?x-image-size=medium,3968388_image3.jpg,https://parts.cummins.com/gateway/api/IACDataServices/graphics/parts/396/3968388/3968388_front.png?x-image-size=medium,3968388_image4.jpg,https://parts.cummins.com/gateway/api/IACDataServices/graphics/parts/396/3968388/3968388_top.png?x-image-size=medium,3968388_image5.jpg,,,,,,,,
3968388NX,Fuel Injection Pump,N,14 In,18.4 Lbs,11 In,7 In,https://parts.cummins.com/esn-entry/main/part-details/3968388nx/parts-search,no image available,no image available,,,,,,,,,,,,,,,,
3968388,Fuel Injection Pump,Recon Equivalent 3968388 NX,Y,12.4 In,18.14 Lbs,12.6 In,https://parts.cummins.com/esn-entry/main/part-details/3968388/parts-search,https://parts.cummins.com/gateway/api/IACDataServices/graphics/parts/396/3968388/3968388_iso2.png?x-image-size=medium,3968388_image1.jpg,https://parts.cummins.com/gateway/api/IACDataServices/graphics/parts/396/3968388/3968388_iso.png?x-image-size=medium,3968388_image2.jpg,https://parts.cummins.com/gateway/api/IACDataServices/graphics/parts/396/3968388/3968388_right.png?x-image-size=medium,3968388_image3.jpg,https://parts.cummins.com/gateway/api/IACDataServices/graphics/parts/396/3968388/3968388_front.png?x-image-size=medium,3968388_image4.jpg,https://parts.cummins.com/gateway/api/IACDataServices/graphics/parts/396/3968388/3968388_top.png?x-image-size=medium,3968388_image5.jpg,,,,,,,,
,,N,null,null,null,null,https://parts.cummins.com/gsn-entry/main/part-details/3968388nx/part,no image available,no image available,,,,,,,,,,,,,,,,
3933104,Fuel Pump,Y,12 In,7.65 Lbs,10.6 In,8.2 In,https://parts.cummins.com/esn-entry/main/part-details/3933104/parts-search,no image available,no image available,,,,,,,,,,,,,,,,
3933104,Fuel Pump,Y,12 In,7.65 Lbs,10.6 In,8.2 In,https://parts.cummins.com/esn-entry/main/part-details/3933104/parts-search,no image available,no image available,,,,,,,,,,,,,,,,
3021958,Fuel Pump Gear Housing,Item Not Shown In Art.,Y,9.5 In,7.32 Lbs,"Non-Hazardous (NOI, ICE/Auto)",https://parts.cummins.com/esn-entry/main/part-details/3021958/parts-search,no image available,no image available,,,,,,,,,,,,,,,,
,,N,null,null,null,null,https://parts.cummins.com/gsn-entry/main/part-details/3021958/part,no image available,no image available,,,,,,,,,,,,,,,,
5315421,Fuel Pump,Y,33 In,6 Lbs,28 In,15 In,https://parts.cummins.com/esn-entry/main/part-details/5315421/parts-search,https://parts.cummins.com/gateway/api/IACDataServices/graphics/parts/531/5315421/5315421_iso_mkt.png?x-image-size=medium,5315421_image1.jpg,https://parts.cummins.com/gateway/api/IACDataServices/graphics/parts/531/5315421/5315421_iso.png?x-image-size=medium,5315421_image2.jpg,https://parts.cummins.com/gateway/api/IACDataServices/graphics/parts/531/5315421/5315421_iso2.png?x-image-size=medium,5315421_image3.jpg,https://parts.cummins.com/gateway/api/IACDataServices/graphics/parts/531/5315421/5315421_front.png?x-image-size=medium,5315421_image4.jpg,https://parts.cummins.com/gateway/api/IACDataServices/graphics/parts/531/5315421/5315421_left.png?x-image-size=medium,5315421_image5.jpg,https://parts.cummins.com/gateway/api/IACDataServices/graphics/parts/531/5315421/5315421_right.png?x-image-size=medium,5315421_image6.jpg,https://parts.cummins.com/gateway/api/IACDataServices/graphics/parts/531/5315421/5315421_top.png?x-image-size=medium,5315421_image7.jpg,,,,
,,N,null,null,null,null,https://parts.cummins.com/gsn-entry/main/part-details/5315421/part,no image available,no image available,,,,,,,,,,,,,,,,
5310611,Fuel Pump,Y,12.75 In,14.85 Lbs,12.5 In,10.38 In,https://parts.cummins.com/esn-entry/main/part-details/5310611/parts-search,https://parts.cummins.com/gateway/api/IACDataServices/graphics/parts/531/5310611/5310611_iso3.png?x-image-size=medium,5310611_image1.jpg,https://parts.cummins.com/gateway/api/IACDataServices/graphics/parts/531/5310611/5310611_iso.png?x-image-size=medium,5310611_image2.jpg,https://parts.cummins.com/gateway/api/IACDataServices/graphics/parts/531/5310611/5310611_iso2.png?x-image-size=medium,5310611_image3.jpg,https://parts.cummins.com/gateway/api/IACDataServices/graphics/parts/531/5310611/5310611_front.png?x-image-size=medium,5310611_image4.jpg,https://parts.cummins.com/gateway/api/IACDataServices/graphics/parts/531/5310611/5310611_right.png?x-image-size=medium,5310611_image5.jpg,https://parts.cummins.com/gateway/api/IACDataServices/graphics/parts/531/5310611/5310611_top.png?x-image-size=medium,5310611_image6.jpg,,,,,,
,,N,null,null,null,null,https://parts.cummins.com/gsn-entry/main/part-details/5310611/part,no image available,no image available,,,,,,,,,,,,,,,,
4994912,Fuel Pump,Y,14.8 In,16.5 Lbs,13.3 In,8.88 In,https://parts.cummins.com/esn-entry/main/part-details/4994912/parts-search,https://parts.cummins.com/gateway/api/IACDataServices/graphics/parts/499/4994912/4994912_iso.png?x-image-size=medium,4994912_image1.jpg,https://parts.cummins.com/gateway/api/IACDataServices/graphics/parts/499/4994912/4994912_iso2.png?x-image-size=medium,4994912_image2.jpg,https://parts.cummins.com/gateway/api/IACDataServices/graphics/parts/499/4994912/4994912_front.png?x-image-size=medium,4994912_image3.jpg,https://parts.cummins.com/gateway/api/IACDataServices/graphics/parts/499/4994912/4994912_top.png?x-image-size=medium,4994912_image4.jpg,,,,,,,,,,
,,N,null,null,null,null,https://parts.cummins.com/gsn-entry/main/part-details/4994912/part,no image available,no image available,,,,,,,,,,,,,,,,
4989125,Fuel Pump,Y,14.8 In,14.5 Lbs,13.3 In,8.88 In,https://parts.cummins.com/esn-entry/main/part-details/4989125/parts-search,https://parts.cummins.com/gateway/api/IACDataServices/graphics/parts/498/4989125/4989125_iso.png?x-image-size=medium,4989125_image1.jpg,https://parts.cummins.com/gateway/api/IACDataServices/graphics/parts/498/4989125/4989125_iso2.png?x-image-size=medium,4989125_image2.jpg,https://parts.cummins.com/gateway/api/IACDataServices/graphics/parts/498/4989125/4989125_iso_mkt.png?x-image-size=medium,4989125_image3.jpg,https://parts.cummins.com/gateway/api/IACDataServices/graphics/parts/498/4989125/4989125_back.png?x-image-size=medium,4989125_image4.jpg,https://parts.cummins.com/gateway/api/IACDataServices/graphics/parts/498/4989125/4989125_bottom.png?x-image-size=medium,4989125_image5.jpg,https://parts.cummins.com/gateway/api/IACDataServices/graphics/parts/498/4989125/4989125_front.png?x-image-size=medium,4989125_image6.jpg,https://parts.cummins.com/gateway/api/IACDataServices/graphics/parts/498/4989125/4989125_left.png?x-image-size=medium,4989125_image7.jpg,https://parts.cummins.com/gateway/api/IACDataServices/graphics/parts/498/4989125/4989125_right.png?x-image-size=medium,4989125_image8.jpg,https://parts.cummins.com/gateway/api/IACDataServices/graphics/parts/498/4989125/4989125_top.png?x-image-size=medium,4989125_image9.jpg
,,N,null,null,null,null,https://parts.cummins.com/gsn-entry/main/part-details/4989125/part,no image available,no image available,,,,,,,,,,,,,,,,
4944459,Fuel Pump,Y,15.4 In,17 Lbs,11.5 In,9 In,https://parts.cummins.com/esn-entry/main/part-details/4944459/parts-search,https://parts.cummins.com/gateway/api/IACDataServices/graphics/parts/494/4944459/4944459_iso2.png?x-image-size=medium,4944459_image1.jpg,https://parts.cummins.com/gateway/api/IACDataServices/graphics/parts/494/4944459/4944459_iso.png?x-image-size=medium,4944459_image2.jpg,https://parts.cummins.com/gateway/api/IACDataServices/graphics/parts/494/4944459/4944459_iso_mkt.png?x-image-size=medium,4944459_image3.jpg,https://parts.cummins.com/gateway/api/IACDataServices/graphics/parts/494/4944459/4944459_top.png?x-image-size=medium,4944459_image4.jpg,https://parts.cummins.com/gateway/api/IACDataServices/graphics/parts/494/4944459/4944459_right.png?x-image-size=medium,4944459_image5.jpg,https://parts.cummins.com/gateway/api/IACDataServices/graphics/parts/494/4944459/4944459_left.png?x-image-size=medium,4944459_image6.jpg,https://parts.cummins.com/gateway/api/IACDataServices/graphics/parts/494/4944459/4944459_front.png?x-image-size=medium,4944459_image7.jpg,,,,
,,N,null,null,null,null,https://parts.cummins.com/gsn-entry/main/part-details/4944459/part,no image available,no image available,,,,,,,,,,,,,,,,
2897670,Fuel Pump,Y,21.3 In,33 Lbs,8 In,7.5 In,https://parts.cummins.com/esn-entry/main/part-details/2897670/parts-search,https://parts.cummins.com/gateway/api/IACDataServices/graphics/parts/289/2897670/2897670_iso2.png?x-image-size=medium,2897670_image1.jpg,https://parts.cummins.com/gateway/api/IACDataServices/graphics/parts/289/2897670/2897670_iso.png?x-image-size=medium,2897670_image2.jpg,https://parts.cummins.com/gateway/api/IACDataServices/graphics/parts/289/2897670/2897670_top.png?x-image-size=medium,2897670_image3.jpg,https://parts.cummins.com/gateway/api/IACDataServices/graphics/parts/289/2897670/2897670_left.png?x-image-size=medium,2897670_image4.jpg,https://parts.cummins.com/gateway/api/IACDataServices/graphics/parts/289/2897670/2897670_front.png?x-image-size=medium,2897670_image5.jpg,,,,,,,,
,,N,null,null,null,null,https://parts.cummins.com/gsn-entry/main/part-details/2897670/part,no image available,no image available,,,,,,,,,,,,,,,,
3963717,Fuel Pump,Y,39 In,7.8 Lbs,30 In,23 In,https://parts.cummins.com/esn-entry/main/part-details/3963717/parts-search,no image available,no image available,,,,,,,,,,,,,,,,
3963717,Fuel Pump,Y,39 In,7.8 Lbs,30 In,23 In,https://parts.cummins.com/esn-entry/main/part-details/3963717/parts-search,no image available,no image available,,,,,,,,,,,,,,,,
4093750,Fuel Injection Pump,Y,39 In,9 Lbs,29 In,22 In,https://parts.cummins.com/esn-entry/main/part-details/4093750/parts-search,https://parts.cummins.com/gateway/api/IACDataServices/graphics/parts/409/4093750/4093750_iso.png?x-image-size=medium,4093750_image1.jpg,https://parts.cummins.com/gateway/api/IACDataServices/graphics/parts/409/4093750/4093750_iso2.png?x-image-size=medium,4093750_image2.jpg,https://parts.cummins.com/gateway/api/IACDataServices/graphics/parts/409/4093750/4093750_bottom.png?x-image-size=medium,4093750_image3.jpg,https://parts.cummins.com/gateway/api/IACDataServices/graphics/parts/409/4093750/4093750_left.png?x-image-size=medium,4093750_image4.jpg,https://parts.cummins.com/gateway/api/IACDataServices/graphics/parts/409/4093750/4093750_top.png?x-image-size=medium,4093750_image5.jpg,https://parts.cummins.com/gateway/api/IACDataServices/graphics/parts/409/4093750/4093750_front.png?x-image-size=medium,4093750_image6.jpg,https://parts.cummins.com/gateway/api/IACDataServices/graphics/parts/409/4093750/4093750_right.png?x-image-size=medium,4093750_image7.jpg,https://parts.cummins.com/gateway/api/IACDataServices/graphics/parts/409/4093750/4093750_back.png?x-image-size=medium,4093750_image8.jpg,,
,,N,null,null,null,null,https://parts.cummins.com/gsn-entry/main/part-details/4093750/part,no image available,no image available,,,,,,,,,,,,,,,,
5290979,Fuel Pump,Y,28 In,5 Lbs,28 In,20 In,https://parts.cummins.com/esn-entry/main/part-details/5290979/parts-search,https://parts.cummins.com/gateway/api/IACDataServices/graphics/parts/529/5290979/5290979_iso.png?x-image-size=medium,5290979_image1.jpg,https://parts.cummins.com/gateway/api/IACDataServices/graphics/parts/529/5290979/5290979_iso2.png?x-image-size=medium,5290979_image2.jpg,https://parts.cummins.com/gateway/api/IACDataServices/graphics/parts/529/5290979/5290979_back.png?x-image-size=medium,5290979_image3.jpg,https://parts.cummins.com/gateway/api/IACDataServices/graphics/parts/529/5290979/5290979_front.png?x-image-size=medium,5290979_image4.jpg,https://parts.cummins.com/gateway/api/IACDataServices/graphics/parts/529/5290979/5290979_right.png?x-image-size=medium,5290979_image5.jpg,https://parts.cummins.com/gateway/api/IACDataServices/graphics/parts/529/5290979/5290979_top.png?x-image-size=medium,5290979_image6.jpg,,,,,,
5290979,Fuel Pump,Y,28 In,5 Lbs,28 In,20 In,https://parts.cummins.com/esn-entry/main/part-details/5290979/parts-search,https://parts.cummins.com/gateway/api/IACDataServices/graphics/parts/529/5290979/5290979_iso.png?x-image-size=medium,5290979_image1.jpg,https://parts.cummins.com/gateway/api/IACDataServices/graphics/parts/529/5290979/5290979_iso2.png?x-image-size=medium,5290979_image2.jpg,https://parts.cummins.com/gateway/api/IACDataServices/graphics/parts/529/5290979/5290979_back.png?x-image-size=medium,5290979_image3.jpg,https://parts.cummins.com/gateway/api/IACDataServices/graphics/parts/529/5290979/5290979_front.png?x-image-size=medium,5290979_image4.jpg,https://parts.cummins.com/gateway/api/IACDataServices/graphics/parts/529/5290979/5290979_right.png?x-image-size=medium,5290979_image5.jpg,https://parts.cummins.com/gateway/api/IACDataServices/graphics/parts/529/5290979/5290979_top.png?x-image-size=medium,5290979_image6.jpg,,,,,,
5293887,Fuel Pump,Y,1 In,8.5 Lbs,1 In,1 In,https://parts.cummins.com/esn-entry/main/part-details/5293887/parts-search,https://parts.cummins.com/gateway/api/IACDataServices/graphics/parts/529/5293887/5293887_iso.png?x-image-size=medium,5293887_image1.jpg,https://parts.cummins.com/gateway/api/IACDataServices/graphics/parts/529/5293887/5293887_iso2.png?x-image-size=medium,5293887_image2.jpg,https://parts.cummins.com/gateway/api/IACDataServices/graphics/parts/529/5293887/5293887_right.png?x-image-size=medium,5293887_image3.jpg,https://parts.cummins.com/gateway/api/IACDataServices/graphics/parts/529/5293887/5293887_front.png?x-image-size=medium,5293887_image4.jpg,https://parts.cummins.com/gateway/api/IACDataServices/graphics/parts/529/5293887/5293887_top.png?x-image-size=medium,5293887_image5.jpg,,,,,,,,
,,N,null,null,null,null,https://parts.cummins.com/gsn-entry/main/part-details/5293887/part,no image available,no image available,,,,,,,,,,,,,,,,
5301647,Fuel Pump,Y,42.5 In,12.272 Lbs,30 In,30 In,https://parts.cummins.com/esn-entry/main/part-details/5301647/parts-search,no image available,no image available,,,,,,,,,,,,,,,,
5301647,Fuel Pump,Y,42.5 In,12.272 Lbs,30 In,30 In,https://parts.cummins.com/esn-entry/main/part-details/5301647/parts-search,no image available,no image available,,,,,,,,,,,,,,,,
3959568,Fuel Filter Head,Y,12 In,15.44 Lbs,10.6 In,8.2 In,https://parts.cummins.com/esn-entry/main/part-details/3959568/parts-search,https://parts.cummins.com/gateway/api/IACDataServices/graphics/parts/395/3959568/3959568_iso2.png?x-image-size=medium,3959568_image1.jpg,https://parts.cummins.com/gateway/api/IACDataServices/graphics/parts/395/3959568/3959568_iso.png?x-image-size=medium,3959568_image2.jpg,https://parts.cummins.com/gateway/api/IACDataServices/graphics/parts/395/3959568/3959568_iso_mkt.png?x-image-size=medium,3959568_image3.jpg,https://parts.cummins.com/gateway/api/IACDataServices/graphics/parts/395/3959568/3959568_top.png?x-image-size=medium,3959568_image4.jpg,https://parts.cummins.com/gateway/api/IACDataServices/graphics/parts/395/3959568/3959568_left.png?x-image-size=medium,3959568_image5.jpg,https://parts.cummins.com/gateway/api/IACDataServices/graphics/parts/395/3959568/3959568_front.png?x-image-size=medium,3959568_image6.jpg,https://parts.cummins.com/gateway/api/IACDataServices/graphics/parts/395/3959568/3959568_right.png?x-image-size=medium,3959568_image7.jpg,,,,
3959568,Fuel Filter Head,Y,12 In,15.44 Lbs,10.6 In,8.2 In,https://parts.cummins.com/esn-entry/main/part-details/3959568/parts-search,https://parts.cummins.com/gateway/api/IACDataServices/graphics/parts/395/3959568/3959568_iso2.png?x-image-size=medium,3959568_image1.jpg,https://parts.cummins.com/gateway/api/IACDataServices/graphics/parts/395/3959568/3959568_iso.png?x-image-size=medium,3959568_image2.jpg,https://parts.cummins.com/gateway/api/IACDataServices/graphics/parts/395/3959568/3959568_iso_mkt.png?x-image-size=medium,3959568_image3.jpg,https://parts.cummins.com/gateway/api/IACDataServices/graphics/parts/395/3959568/3959568_top.png?x-image-size=medium,3959568_image4.jpg,https://parts.cummins.com/gateway/api/IACDataServices/graphics/parts/395/3959568/3959568_left.png?x-image-size=medium,3959568_image5.jpg,https://parts.cummins.com/gateway/api/IACDataServices/graphics/parts/395/3959568/3959568_front.png?x-image-size=medium,3959568_image6.jpg,https://parts.cummins.com/gateway/api/IACDataServices/graphics/parts/395/3959568/3959568_right.png?x-image-size=medium,3959568_image7.jpg,,,,
C6204711420,Fuel Pump,Y,34 In,7.2 Lbs,22 In,36 In,https://parts.cummins.com/esn-entry/main/part-details/c6204711420/parts-search,no image available,no image available,,,,,,,,,,,,,,,,
C6204711420,Fuel Pump,Y,34 In,7.2 Lbs,22 In,36 In,https://parts.cummins.com/esn-entry/main/part-details/c6204711420/parts-search,no image available,no image available,,,,,,,,,,,,,,,,
3918301,"Actuator,etr Fuel Cont",Y,13.8 In,10.7 Lbs,"Non-Hazardous (NOI, ICE/Auto)",9 In,https://parts.cummins.com/esn-entry/main/part-details/3918301/parts-search,no image available,no image available,,,,,,,,,,,,,,,,
3918301,"Actuator,etr Fuel Cont",Y,13.8 In,10.7 Lbs,"Non-Hazardous (NOI, ICE/Auto)",9 In,https://parts.cummins.com/esn-entry/main/part-details/3918301/parts-search,no image available,no image available,,,,,,,,,,,,,,,,
5267706,Fuel Injection Pump,Y,54 In,8 Lbs,29 In,23 In,https://parts.cummins.com/esn-entry/main/part-details/5267706/parts-search,no image available,no image available,,,,,,,,,,,,,,,,
,,N,null,null,null,null,https://parts.cummins.com/gsn-entry/main/part-details/5267706/part,no image available,no image available,,,,,,,,,,,,,,,,
4990709,Fuel Pump,Y,51 In,37 Lbs,34 In,26 In,https://parts.cummins.com/esn-entry/main/part-details/4990709/parts-search,no image available,no image available,,,,,,,,,,,,,,,,
,,N,null,null,null,null,https://parts.cummins.com/gsn-entry/main/part-details/4990709/part,no image available,no image available,,,,,,,,,,,,,,,,
3936963,Fuel Pump,Recon equivalent 3936963 RX,Y,19.5 In,24.5 Lbs,16.1 In,https://parts.cummins.com/esn-entry/main/part-details/3936963/parts-search,no image available,no image available,,,,,,,,,,,,,,,,
3936963RX,Fuel Pump,N,21.5 In,25.9 Lbs,14 In,8 In,https://parts.cummins.com/esn-entry/main/part-details/3936963rx/parts-search,no image available,no image available,,,,,,,,,,,,,,,,
3936963,Fuel Pump,Recon equivalent 3936963 RX,Y,19.5 In,24.5 Lbs,16.1 In,https://parts.cummins.com/esn-entry/main/part-details/3936963/parts-search,no image available,no image available,,,,,,,,,,,,,,,,
,,N,null,null,null,null,https://parts.cummins.com/gsn-entry/main/part-details/3936963rx/part,no image available,no image available,,,,,,,,,,,,,,,,
3973393,Fuel Injection Pump,Y,0 In,.1 Lbs,0 In,0 In,https://parts.cummins.com/esn-entry/main/part-details/3973393/parts-search,no image available,no image available,,,,,,,,,,,,,,,,
,,N,null,null,null,null,https://parts.cummins.com/gsn-entry/main/part-details/3973393/part,no image available,no image available,,,,,,,,,,,,,,,,
180416,Fuel Manifold,Y,40.63 In,2.07 Lbs,"Non-Hazardous (NOI, ICE/Auto)",7.25 In,https://parts.cummins.com/esn-entry/main/part-details/180416/parts-search,no image available,no image available,,,,,,,,,,,,,,,,
180416,Fuel Manifold,Y,40.63 In,2.07 Lbs,"Non-Hazardous (NOI, ICE/Auto)",7.25 In,https://parts.cummins.com/esn-entry/main/part-details/180416/parts-search,no image available,no image available,,,,,,,,,,,,,,,,
